Phylum;Phylum_count;bact_defence_system;system_count;Number_of_phylum_containing_each_system;Total_number_of_different_system_per_prokaryotic_genomes;Frequency_of_each_system_in_a_given_phylum
Acidobacteriota;8;3HP;0;0;0;0
Acidobacteriota;8;AVAST;0;0;0;0
Acidobacteriota;8;Abi;1;5;5;0.625
Acidobacteriota;8;Argonaute;1;3;3;0.375
Acidobacteriota;8;BREX;1;1;1;0.125
Acidobacteriota;8;CBASS;0;0;0;0
Acidobacteriota;8;CRISPR-Cas;1;2;2;0.25
Acidobacteriota;8;DISARM;0;0;0;0
Acidobacteriota;8;DRT;0;0;0;0
Acidobacteriota;8;DUF4238;0;0;0;0
Acidobacteriota;8;DarTG;1;1;1;0.125
Acidobacteriota;8;Dpd;0;0;0;0
Acidobacteriota;8;DprA-PRTase;0;0;0;0
Acidobacteriota;8;Druantia;0;0;0;0
Acidobacteriota;8;Dsr;0;0;0;0
Acidobacteriota;8;GAO;1;1;1;0.125
Acidobacteriota;8;Gabija;1;2;2;0.25
Acidobacteriota;8;Gasdermin;1;1;1;0.125
Acidobacteriota;8;Hachiman;0;0;0;0
Acidobacteriota;8;Helicase-DUF2290;0;0;0;0
Acidobacteriota;8;Hhe;0;0;0;0
Acidobacteriota;8;Hma;0;0;0;0
Acidobacteriota;8;Hydrolase-TM;0;0;0;0
Acidobacteriota;8;Kiwa;0;0;0;0
Acidobacteriota;8;Lamassu;0;0;0;0
Acidobacteriota;8;Mza;0;0;0;0
Acidobacteriota;8;Nhi;0;0;0;0
Acidobacteriota;8;PARIS;0;0;0;0
Acidobacteriota;8;Paris_fused;0;0;0;0
Acidobacteriota;8;Phosphorothioation;1;1;1;0.125
Acidobacteriota;8;Ppl;0;0;0;0
Acidobacteriota;8;Pycsar;2;1;2;0.125
Acidobacteriota;8;RADAR;0;0;0;0
Acidobacteriota;8;RM;3;5;8;0.625
Acidobacteriota;8;Retron;0;0;0;0
Acidobacteriota;8;Septu;1;1;1;0.125
Acidobacteriota;8;Shedu;0;0;0;0
Acidobacteriota;8;TIR-NLR;0;0;0;0
Acidobacteriota;8;TerY-P;0;0;0;0
Acidobacteriota;8;Thoeris;1;1;1;0.125
Acidobacteriota;8;Tmn;0;0;0;0
Acidobacteriota;8;Upx;0;0;0;0
Acidobacteriota;8;Viperin;0;0;0;0
Acidobacteriota;8;Wadjet;0;0;0;0
Acidobacteriota;8;Zorya;1;1;1;0.125
Acidobacteriota;8;dXTPase;0;0;0;0
Acidobacteriota;8;ietAS;1;2;2;0.25
Acidobacteriota;8;qatABCD;1;1;1;0.125
Actinomycetota;82;3HP;0;0;0;0
Actinomycetota;82;AVAST;0;0;0;0
Actinomycetota;82;Abi;3;34;45;0.414634146
Actinomycetota;82;Argonaute;1;4;4;0.048780488
Actinomycetota;82;BREX;1;5;5;0.06097561
Actinomycetota;82;CBASS;2;10;11;0.12195122
Actinomycetota;82;CRISPR-Cas;2;13;15;0.158536585
Actinomycetota;82;DISARM;1;5;5;0.06097561
Actinomycetota;82;DRT;2;4;5;0.048780488
Actinomycetota;82;DUF4238;0;0;0;0
Actinomycetota;82;DarTG;0;0;0;0
Actinomycetota;82;Dpd;1;3;3;0.036585366
Actinomycetota;82;DprA-PRTase;0;0;0;0
Actinomycetota;82;Druantia;2;6;8;0.073170732
Actinomycetota;82;Dsr;0;0;0;0
Actinomycetota;82;GAO;0;0;0;0
Actinomycetota;82;Gabija;1;13;13;0.158536585
Actinomycetota;82;Gasdermin;0;0;0;0
Actinomycetota;82;Hachiman;1;3;3;0.036585366
Actinomycetota;82;Helicase-DUF2290;1;1;1;0.012195122
Actinomycetota;82;Hhe;0;0;0;0
Actinomycetota;82;Hma;1;4;4;0.048780488
Actinomycetota;82;Hydrolase-TM;0;0;0;0
Actinomycetota;82;Kiwa;1;3;3;0.036585366
Actinomycetota;82;Lamassu;0;0;0;0
Actinomycetota;82;Mza;1;3;3;0.036585366
Actinomycetota;82;Nhi;0;0;0;0
Actinomycetota;82;PARIS;1;1;1;0.012195122
Actinomycetota;82;Paris_fused;0;0;0;0
Actinomycetota;82;Phosphorothioation;1;2;2;0.024390244
Actinomycetota;82;Ppl;1;1;1;0.012195122
Actinomycetota;82;Pycsar;1;2;2;0.024390244
Actinomycetota;82;RADAR;0;0;0;0
Actinomycetota;82;RM;4;64;115;0.780487805
Actinomycetota;82;Retron;1;3;3;0.036585366
Actinomycetota;82;Septu;1;5;5;0.06097561
Actinomycetota;82;Shedu;1;3;3;0.036585366
Actinomycetota;82;TIR-NLR;0;0;0;0
Actinomycetota;82;TerY-P;1;1;1;0.012195122
Actinomycetota;82;Thoeris;1;2;2;0.024390244
Actinomycetota;82;Tmn;0;0;0;0
Actinomycetota;82;Upx;0;0;0;0
Actinomycetota;82;Viperin;0;0;0;0
Actinomycetota;82;Wadjet;2;50;68;0.609756098
Actinomycetota;82;Zorya;0;0;0;0
Actinomycetota;82;dXTPase;1;73;73;0.890243902
Actinomycetota;82;ietAS;1;7;7;0.085365854
Actinomycetota;82;qatABCD;1;2;2;0.024390244
Armatimonadota;1;3HP;0;0;0;0
Armatimonadota;1;AVAST;0;0;0;0
Armatimonadota;1;Abi;0;0;0;0
Armatimonadota;1;Argonaute;0;0;0;0
Armatimonadota;1;BREX;0;0;0;0
Armatimonadota;1;CBASS;0;0;0;0
Armatimonadota;1;CRISPR-Cas;0;0;0;0
Armatimonadota;1;DISARM;0;0;0;0
Armatimonadota;1;DRT;1;1;1;1
Armatimonadota;1;DUF4238;0;0;0;0
Armatimonadota;1;DarTG;0;0;0;0
Armatimonadota;1;Dpd;0;0;0;0
Armatimonadota;1;DprA-PRTase;0;0;0;0
Armatimonadota;1;Druantia;0;0;0;0
Armatimonadota;1;Dsr;0;0;0;0
Armatimonadota;1;GAO;0;0;0;0
Armatimonadota;1;Gabija;0;0;0;0
Armatimonadota;1;Gasdermin;0;0;0;0
Armatimonadota;1;Hachiman;0;0;0;0
Armatimonadota;1;Helicase-DUF2290;0;0;0;0
Armatimonadota;1;Hhe;0;0;0;0
Armatimonadota;1;Hma;0;0;0;0
Armatimonadota;1;Hydrolase-TM;0;0;0;0
Armatimonadota;1;Kiwa;0;0;0;0
Armatimonadota;1;Lamassu;0;0;0;0
Armatimonadota;1;Mza;0;0;0;0
Armatimonadota;1;Nhi;0;0;0;0
Armatimonadota;1;PARIS;0;0;0;0
Armatimonadota;1;Paris_fused;0;0;0;0
Armatimonadota;1;Phosphorothioation;0;0;0;0
Armatimonadota;1;Ppl;0;0;0;0
Armatimonadota;1;Pycsar;0;0;0;0
Armatimonadota;1;RADAR;0;0;0;0
Armatimonadota;1;RM;1;1;1;1
Armatimonadota;1;Retron;0;0;0;0
Armatimonadota;1;Septu;0;0;0;0
Armatimonadota;1;Shedu;1;1;1;1
Armatimonadota;1;TIR-NLR;0;0;0;0
Armatimonadota;1;TerY-P;0;0;0;0
Armatimonadota;1;Thoeris;0;0;0;0
Armatimonadota;1;Tmn;0;0;0;0
Armatimonadota;1;Upx;0;0;0;0
Armatimonadota;1;Viperin;0;0;0;0
Armatimonadota;1;Wadjet;0;0;0;0
Armatimonadota;1;Zorya;0;0;0;0
Armatimonadota;1;dXTPase;0;0;0;0
Armatimonadota;1;ietAS;0;0;0;0
Armatimonadota;1;qatABCD;0;0;0;0
Bacillota;32;3HP;0;0;0;0
Bacillota;32;AVAST;1;1;1;0.03125
Bacillota;32;Abi;2;12;15;0.375
Bacillota;32;Argonaute;0;0;0;0
Bacillota;32;BREX;1;4;4;0.125
Bacillota;32;CBASS;1;5;5;0.15625
Bacillota;32;CRISPR-Cas;2;9;10;0.28125
Bacillota;32;DISARM;0;0;0;0
Bacillota;32;DRT;1;9;9;0.28125
Bacillota;32;DUF4238;0;0;0;0
Bacillota;32;DarTG;0;0;0;0
Bacillota;32;Dpd;0;0;0;0
Bacillota;32;DprA-PRTase;0;0;0;0
Bacillota;32;Druantia;1;1;1;0.03125
Bacillota;32;Dsr;1;1;1;0.03125
Bacillota;32;GAO;1;2;2;0.0625
Bacillota;32;Gabija;1;6;6;0.1875
Bacillota;32;Gasdermin;0;0;0;0
Bacillota;32;Hachiman;1;1;1;0.03125
Bacillota;32;Helicase-DUF2290;1;2;2;0.0625
Bacillota;32;Hhe;0;0;0;0
Bacillota;32;Hma;0;0;0;0
Bacillota;32;Hydrolase-TM;0;0;0;0
Bacillota;32;Kiwa;1;3;3;0.09375
Bacillota;32;Lamassu;0;0;0;0
Bacillota;32;Mza;1;3;3;0.09375
Bacillota;32;Nhi;1;1;1;0.03125
Bacillota;32;PARIS;0;0;0;0
Bacillota;32;Paris_fused;0;0;0;0
Bacillota;32;Phosphorothioation;1;3;3;0.09375
Bacillota;32;Ppl;0;0;0;0
Bacillota;32;Pycsar;0;0;0;0
Bacillota;32;RADAR;0;0;0;0
Bacillota;32;RM;3;27;47;0.84375
Bacillota;32;Retron;1;6;6;0.1875
Bacillota;32;Septu;1;2;2;0.0625
Bacillota;32;Shedu;1;1;1;0.03125
Bacillota;32;TIR-NLR;0;0;0;0
Bacillota;32;TerY-P;0;0;0;0
Bacillota;32;Thoeris;1;1;1;0.03125
Bacillota;32;Tmn;0;0;0;0
Bacillota;32;Upx;0;0;0;0
Bacillota;32;Viperin;0;0;0;0
Bacillota;32;Wadjet;3;13;16;0.40625
Bacillota;32;Zorya;1;2;2;0.0625
Bacillota;32;dXTPase;1;3;3;0.09375
Bacillota;32;ietAS;1;3;3;0.09375
Bacillota;32;qatABCD;1;1;1;0.03125
Bacteroidota;245;3HP;0;0;0;0
Bacteroidota;245;AVAST;1;16;16;0.065306122
Bacteroidota;245;Abi;3;130;168;0.530612245
Bacteroidota;245;Argonaute;2;23;24;0.093877551
Bacteroidota;245;BREX;1;5;5;0.020408163
Bacteroidota;245;CBASS;2;47;51;0.191836735
Bacteroidota;245;CRISPR-Cas;3;49;53;0.2
Bacteroidota;245;DISARM;0;0;0;0
Bacteroidota;245;DRT;3;74;84;0.302040816
Bacteroidota;245;DUF4238;0;0;0;0
Bacteroidota;245;DarTG;1;13;13;0.053061224
Bacteroidota;245;Dpd;0;0;0;0
Bacteroidota;245;DprA-PRTase;0;0;0;0
Bacteroidota;245;Druantia;1;7;7;0.028571429
Bacteroidota;245;Dsr;0;0;0;0
Bacteroidota;245;GAO;1;11;11;0.044897959
Bacteroidota;245;Gabija;1;38;38;0.155102041
Bacteroidota;245;Gasdermin;1;8;8;0.032653061
Bacteroidota;245;Hachiman;1;17;17;0.069387755
Bacteroidota;245;Helicase-DUF2290;1;1;1;0.004081633
Bacteroidota;245;Hhe;0;0;0;0
Bacteroidota;245;Hma;1;1;1;0.004081633
Bacteroidota;245;Hydrolase-TM;0;0;0;0
Bacteroidota;245;Kiwa;1;15;15;0.06122449
Bacteroidota;245;Lamassu;1;5;5;0.020408163
Bacteroidota;245;Mza;1;9;9;0.036734694
Bacteroidota;245;Nhi;1;3;3;0.012244898
Bacteroidota;245;PARIS;1;3;3;0.012244898
Bacteroidota;245;Paris_fused;1;2;2;0.008163265
Bacteroidota;245;Phosphorothioation;2;16;23;0.065306122
Bacteroidota;245;Ppl;0;0;0;0
Bacteroidota;245;Pycsar;2;10;17;0.040816327
Bacteroidota;245;RADAR;0;0;0;0
Bacteroidota;245;RM;4;194;388;0.791836735
Bacteroidota;245;Retron;2;30;32;0.12244898
Bacteroidota;245;Septu;1;39;39;0.159183673
Bacteroidota;245;Shedu;1;9;9;0.036734694
Bacteroidota;245;TIR-NLR;1;2;2;0.008163265
Bacteroidota;245;TerY-P;1;4;4;0.016326531
Bacteroidota;245;Thoeris;1;10;10;0.040816327
Bacteroidota;245;Tmn;1;7;7;0.028571429
Bacteroidota;245;Upx;0;0;0;0
Bacteroidota;245;Viperin;1;5;5;0.020408163
Bacteroidota;245;Wadjet;1;10;10;0.040816327
Bacteroidota;245;Zorya;1;2;2;0.008163265
Bacteroidota;245;dXTPase;1;1;1;0.004081633
Bacteroidota;245;ietAS;1;16;16;0.065306122
Bacteroidota;245;qatABCD;1;4;4;0.016326531
Bdellovibrionota;2;3HP;0;0;0;0
Bdellovibrionota;2;AVAST;0;0;0;0
Bdellovibrionota;2;Abi;0;0;0;0
Bdellovibrionota;2;Argonaute;0;0;0;0
Bdellovibrionota;2;BREX;0;0;0;0
Bdellovibrionota;2;CBASS;0;0;0;0
Bdellovibrionota;2;CRISPR-Cas;0;0;0;0
Bdellovibrionota;2;DISARM;0;0;0;0
Bdellovibrionota;2;DRT;0;0;0;0
Bdellovibrionota;2;DUF4238;0;0;0;0
Bdellovibrionota;2;DarTG;0;0;0;0
Bdellovibrionota;2;Dpd;0;0;0;0
Bdellovibrionota;2;DprA-PRTase;0;0;0;0
Bdellovibrionota;2;Druantia;0;0;0;0
Bdellovibrionota;2;Dsr;0;0;0;0
Bdellovibrionota;2;GAO;0;0;0;0
Bdellovibrionota;2;Gabija;0;0;0;0
Bdellovibrionota;2;Gasdermin;0;0;0;0
Bdellovibrionota;2;Hachiman;0;0;0;0
Bdellovibrionota;2;Helicase-DUF2290;0;0;0;0
Bdellovibrionota;2;Hhe;0;0;0;0
Bdellovibrionota;2;Hma;0;0;0;0
Bdellovibrionota;2;Hydrolase-TM;0;0;0;0
Bdellovibrionota;2;Kiwa;0;0;0;0
Bdellovibrionota;2;Lamassu;0;0;0;0
Bdellovibrionota;2;Mza;0;0;0;0
Bdellovibrionota;2;Nhi;0;0;0;0
Bdellovibrionota;2;PARIS;0;0;0;0
Bdellovibrionota;2;Paris_fused;0;0;0;0
Bdellovibrionota;2;Phosphorothioation;0;0;0;0
Bdellovibrionota;2;Ppl;0;0;0;0
Bdellovibrionota;2;Pycsar;0;0;0;0
Bdellovibrionota;2;RADAR;0;0;0;0
Bdellovibrionota;2;RM;0;0;0;0
Bdellovibrionota;2;Retron;0;0;0;0
Bdellovibrionota;2;Septu;0;0;0;0
Bdellovibrionota;2;Shedu;0;0;0;0
Bdellovibrionota;2;TIR-NLR;0;0;0;0
Bdellovibrionota;2;TerY-P;0;0;0;0
Bdellovibrionota;2;Thoeris;0;0;0;0
Bdellovibrionota;2;Tmn;0;0;0;0
Bdellovibrionota;2;Upx;0;0;0;0
Bdellovibrionota;2;Viperin;0;0;0;0
Bdellovibrionota;2;Wadjet;0;0;0;0
Bdellovibrionota;2;Zorya;0;0;0;0
Bdellovibrionota;2;dXTPase;0;0;0;0
Bdellovibrionota;2;ietAS;1;1;1;0.5
Bdellovibrionota;2;qatABCD;0;0;0;0
Campylobacterota;6;3HP;0;0;0;0
Campylobacterota;6;AVAST;0;0;0;0
Campylobacterota;6;Abi;1;2;2;0.333333333
Campylobacterota;6;Argonaute;0;0;0;0
Campylobacterota;6;BREX;1;1;1;0.166666667
Campylobacterota;6;CBASS;1;1;1;0.166666667
Campylobacterota;6;CRISPR-Cas;1;1;1;0.166666667
Campylobacterota;6;DISARM;0;0;0;0
Campylobacterota;6;DRT;1;2;2;0.333333333
Campylobacterota;6;DUF4238;0;0;0;0
Campylobacterota;6;DarTG;0;0;0;0
Campylobacterota;6;Dpd;0;0;0;0
Campylobacterota;6;DprA-PRTase;0;0;0;0
Campylobacterota;6;Druantia;0;0;0;0
Campylobacterota;6;Dsr;0;0;0;0
Campylobacterota;6;GAO;0;0;0;0
Campylobacterota;6;Gabija;0;0;0;0
Campylobacterota;6;Gasdermin;0;0;0;0
Campylobacterota;6;Hachiman;1;1;1;0.166666667
Campylobacterota;6;Helicase-DUF2290;0;0;0;0
Campylobacterota;6;Hhe;0;0;0;0
Campylobacterota;6;Hma;0;0;0;0
Campylobacterota;6;Hydrolase-TM;0;0;0;0
Campylobacterota;6;Kiwa;1;1;1;0.166666667
Campylobacterota;6;Lamassu;0;0;0;0
Campylobacterota;6;Mza;1;1;1;0.166666667
Campylobacterota;6;Nhi;0;0;0;0
Campylobacterota;6;PARIS;0;0;0;0
Campylobacterota;6;Paris_fused;0;0;0;0
Campylobacterota;6;Phosphorothioation;1;1;1;0.166666667
Campylobacterota;6;Ppl;0;0;0;0
Campylobacterota;6;Pycsar;0;0;0;0
Campylobacterota;6;RADAR;0;0;0;0
Campylobacterota;6;RM;4;6;14;1
Campylobacterota;6;Retron;1;1;1;0.166666667
Campylobacterota;6;Septu;1;1;1;0.166666667
Campylobacterota;6;Shedu;0;0;0;0
Campylobacterota;6;TIR-NLR;0;0;0;0
Campylobacterota;6;TerY-P;0;0;0;0
Campylobacterota;6;Thoeris;0;0;0;0
Campylobacterota;6;Tmn;0;0;0;0
Campylobacterota;6;Upx;0;0;0;0
Campylobacterota;6;Viperin;1;1;1;0.166666667
Campylobacterota;6;Wadjet;0;0;0;0
Campylobacterota;6;Zorya;0;0;0;0
Campylobacterota;6;dXTPase;0;0;0;0
Campylobacterota;6;ietAS;0;0;0;0
Campylobacterota;6;qatABCD;1;1;1;0.166666667
Cyanobacteriota;9;3HP;0;0;0;0
Cyanobacteriota;9;AVAST;0;0;0;0
Cyanobacteriota;9;Abi;1;3;3;0.333333333
Cyanobacteriota;9;Argonaute;3;2;4;0.222222222
Cyanobacteriota;9;BREX;0;0;0;0
Cyanobacteriota;9;CBASS;1;1;1;0.111111111
Cyanobacteriota;9;CRISPR-Cas;3;5;10;0.555555556
Cyanobacteriota;9;DISARM;0;0;0;0
Cyanobacteriota;9;DRT;1;3;3;0.333333333
Cyanobacteriota;9;DUF4238;0;0;0;0
Cyanobacteriota;9;DarTG;1;2;2;0.222222222
Cyanobacteriota;9;Dpd;0;0;0;0
Cyanobacteriota;9;DprA-PRTase;0;0;0;0
Cyanobacteriota;9;Druantia;1;1;1;0.111111111
Cyanobacteriota;9;Dsr;0;0;0;0
Cyanobacteriota;9;GAO;0;0;0;0
Cyanobacteriota;9;Gabija;0;0;0;0
Cyanobacteriota;9;Gasdermin;0;0;0;0
Cyanobacteriota;9;Hachiman;0;0;0;0
Cyanobacteriota;9;Helicase-DUF2290;0;0;0;0
Cyanobacteriota;9;Hhe;0;0;0;0
Cyanobacteriota;9;Hma;1;1;1;0.111111111
Cyanobacteriota;9;Hydrolase-TM;0;0;0;0
Cyanobacteriota;9;Kiwa;0;0;0;0
Cyanobacteriota;9;Lamassu;0;0;0;0
Cyanobacteriota;9;Mza;1;2;2;0.222222222
Cyanobacteriota;9;Nhi;0;0;0;0
Cyanobacteriota;9;PARIS;1;1;1;0.111111111
Cyanobacteriota;9;Paris_fused;1;1;1;0.111111111
Cyanobacteriota;9;Phosphorothioation;3;4;8;0.444444444
Cyanobacteriota;9;Ppl;0;0;0;0
Cyanobacteriota;9;Pycsar;1;1;1;0.111111111
Cyanobacteriota;9;RADAR;0;0;0;0
Cyanobacteriota;9;RM;4;6;16;0.666666667
Cyanobacteriota;9;Retron;0;0;0;0
Cyanobacteriota;9;Septu;1;3;3;0.333333333
Cyanobacteriota;9;Shedu;0;0;0;0
Cyanobacteriota;9;TIR-NLR;0;0;0;0
Cyanobacteriota;9;TerY-P;0;0;0;0
Cyanobacteriota;9;Thoeris;1;1;1;0.111111111
Cyanobacteriota;9;Tmn;0;0;0;0
Cyanobacteriota;9;Upx;0;0;0;0
Cyanobacteriota;9;Viperin;0;0;0;0
Cyanobacteriota;9;Wadjet;0;0;0;0
Cyanobacteriota;9;Zorya;1;1;1;0.111111111
Cyanobacteriota;9;dXTPase;0;0;0;0
Cyanobacteriota;9;ietAS;0;0;0;0
Cyanobacteriota;9;qatABCD;0;0;0;0
Deinococcota;5;3HP;0;0;0;0
Deinococcota;5;AVAST;0;0;0;0
Deinococcota;5;Abi;1;4;4;0.8
Deinococcota;5;Argonaute;1;1;1;0.2
Deinococcota;5;BREX;1;1;1;0.2
Deinococcota;5;CBASS;1;2;2;0.4
Deinococcota;5;CRISPR-Cas;1;1;1;0.2
Deinococcota;5;DISARM;0;0;0;0
Deinococcota;5;DRT;0;0;0;0
Deinococcota;5;DUF4238;0;0;0;0
Deinococcota;5;DarTG;1;1;1;0.2
Deinococcota;5;Dpd;0;0;0;0
Deinococcota;5;DprA-PRTase;0;0;0;0
Deinococcota;5;Druantia;1;1;1;0.2
Deinococcota;5;Dsr;0;0;0;0
Deinococcota;5;GAO;0;0;0;0
Deinococcota;5;Gabija;0;0;0;0
Deinococcota;5;Gasdermin;0;0;0;0
Deinococcota;5;Hachiman;0;0;0;0
Deinococcota;5;Helicase-DUF2290;0;0;0;0
Deinococcota;5;Hhe;0;0;0;0
Deinococcota;5;Hma;0;0;0;0
Deinococcota;5;Hydrolase-TM;0;0;0;0
Deinococcota;5;Kiwa;0;0;0;0
Deinococcota;5;Lamassu;0;0;0;0
Deinococcota;5;Mza;0;0;0;0
Deinococcota;5;Nhi;0;0;0;0
Deinococcota;5;PARIS;0;0;0;0
Deinococcota;5;Paris_fused;0;0;0;0
Deinococcota;5;Phosphorothioation;0;0;0;0
Deinococcota;5;Ppl;0;0;0;0
Deinococcota;5;Pycsar;0;0;0;0
Deinococcota;5;RADAR;0;0;0;0
Deinococcota;5;RM;4;5;16;1
Deinococcota;5;Retron;0;0;0;0
Deinococcota;5;Septu;0;0;0;0
Deinococcota;5;Shedu;0;0;0;0
Deinococcota;5;TIR-NLR;0;0;0;0
Deinococcota;5;TerY-P;1;1;1;0.2
Deinococcota;5;Thoeris;0;0;0;0
Deinococcota;5;Tmn;0;0;0;0
Deinococcota;5;Upx;0;0;0;0
Deinococcota;5;Viperin;0;0;0;0
Deinococcota;5;Wadjet;1;1;1;0.2
Deinococcota;5;Zorya;0;0;0;0
Deinococcota;5;dXTPase;1;3;3;0.6
Deinococcota;5;ietAS;0;0;0;0
Deinococcota;5;qatABCD;0;0;0;0
Desulfobacterota;3;3HP;0;0;0;0
Desulfobacterota;3;AVAST;0;0;0;0
Desulfobacterota;3;Abi;1;1;1;0.333333333
Desulfobacterota;3;Argonaute;0;0;0;0
Desulfobacterota;3;BREX;0;0;0;0
Desulfobacterota;3;CBASS;1;1;1;0.333333333
Desulfobacterota;3;CRISPR-Cas;1;2;2;0.666666667
Desulfobacterota;3;DISARM;0;0;0;0
Desulfobacterota;3;DRT;1;1;1;0.333333333
Desulfobacterota;3;DUF4238;0;0;0;0
Desulfobacterota;3;DarTG;0;0;0;0
Desulfobacterota;3;Dpd;0;0;0;0
Desulfobacterota;3;DprA-PRTase;0;0;0;0
Desulfobacterota;3;Druantia;0;0;0;0
Desulfobacterota;3;Dsr;0;0;0;0
Desulfobacterota;3;GAO;1;1;1;0.333333333
Desulfobacterota;3;Gabija;0;0;0;0
Desulfobacterota;3;Gasdermin;0;0;0;0
Desulfobacterota;3;Hachiman;0;0;0;0
Desulfobacterota;3;Helicase-DUF2290;1;1;1;0.333333333
Desulfobacterota;3;Hhe;0;0;0;0
Desulfobacterota;3;Hma;0;0;0;0
Desulfobacterota;3;Hydrolase-TM;0;0;0;0
Desulfobacterota;3;Kiwa;0;0;0;0
Desulfobacterota;3;Lamassu;0;0;0;0
Desulfobacterota;3;Mza;0;0;0;0
Desulfobacterota;3;Nhi;0;0;0;0
Desulfobacterota;3;PARIS;0;0;0;0
Desulfobacterota;3;Paris_fused;0;0;0;0
Desulfobacterota;3;Phosphorothioation;1;1;1;0.333333333
Desulfobacterota;3;Ppl;0;0;0;0
Desulfobacterota;3;Pycsar;1;1;1;0.333333333
Desulfobacterota;3;RADAR;0;0;0;0
Desulfobacterota;3;RM;2;3;4;1
Desulfobacterota;3;Retron;1;2;2;0.666666667
Desulfobacterota;3;Septu;1;1;1;0.333333333
Desulfobacterota;3;Shedu;1;1;1;0.333333333
Desulfobacterota;3;TIR-NLR;0;0;0;0
Desulfobacterota;3;TerY-P;0;0;0;0
Desulfobacterota;3;Thoeris;0;0;0;0
Desulfobacterota;3;Tmn;0;0;0;0
Desulfobacterota;3;Upx;0;0;0;0
Desulfobacterota;3;Viperin;0;0;0;0
Desulfobacterota;3;Wadjet;0;0;0;0
Desulfobacterota;3;Zorya;0;0;0;0
Desulfobacterota;3;dXTPase;0;0;0;0
Desulfobacterota;3;ietAS;1;1;1;0.333333333
Desulfobacterota;3;qatABCD;0;0;0;0
Hydrogenedentota;1;3HP;0;0;0;0
Hydrogenedentota;1;AVAST;0;0;0;0
Hydrogenedentota;1;Abi;1;1;1;1
Hydrogenedentota;1;Argonaute;0;0;0;0
Hydrogenedentota;1;BREX;2;1;2;1
Hydrogenedentota;1;CBASS;1;1;1;1
Hydrogenedentota;1;CRISPR-Cas;0;0;0;0
Hydrogenedentota;1;DISARM;0;0;0;0
Hydrogenedentota;1;DRT;0;0;0;0
Hydrogenedentota;1;DUF4238;0;0;0;0
Hydrogenedentota;1;DarTG;0;0;0;0
Hydrogenedentota;1;Dpd;0;0;0;0
Hydrogenedentota;1;DprA-PRTase;0;0;0;0
Hydrogenedentota;1;Druantia;0;0;0;0
Hydrogenedentota;1;Dsr;0;0;0;0
Hydrogenedentota;1;GAO;0;0;0;0
Hydrogenedentota;1;Gabija;1;1;1;1
Hydrogenedentota;1;Gasdermin;0;0;0;0
Hydrogenedentota;1;Hachiman;0;0;0;0
Hydrogenedentota;1;Helicase-DUF2290;0;0;0;0
Hydrogenedentota;1;Hhe;0;0;0;0
Hydrogenedentota;1;Hma;0;0;0;0
Hydrogenedentota;1;Hydrolase-TM;0;0;0;0
Hydrogenedentota;1;Kiwa;0;0;0;0
Hydrogenedentota;1;Lamassu;0;0;0;0
Hydrogenedentota;1;Mza;0;0;0;0
Hydrogenedentota;1;Nhi;0;0;0;0
Hydrogenedentota;1;PARIS;0;0;0;0
Hydrogenedentota;1;Paris_fused;0;0;0;0
Hydrogenedentota;1;Phosphorothioation;0;0;0;0
Hydrogenedentota;1;Ppl;0;0;0;0
Hydrogenedentota;1;Pycsar;0;0;0;0
Hydrogenedentota;1;RADAR;0;0;0;0
Hydrogenedentota;1;RM;0;0;0;0
Hydrogenedentota;1;Retron;0;0;0;0
Hydrogenedentota;1;Septu;0;0;0;0
Hydrogenedentota;1;Shedu;0;0;0;0
Hydrogenedentota;1;TIR-NLR;0;0;0;0
Hydrogenedentota;1;TerY-P;0;0;0;0
Hydrogenedentota;1;Thoeris;0;0;0;0
Hydrogenedentota;1;Tmn;0;0;0;0
Hydrogenedentota;1;Upx;0;0;0;0
Hydrogenedentota;1;Viperin;0;0;0;0
Hydrogenedentota;1;Wadjet;0;0;0;0
Hydrogenedentota;1;Zorya;0;0;0;0
Hydrogenedentota;1;dXTPase;0;0;0;0
Hydrogenedentota;1;ietAS;0;0;0;0
Hydrogenedentota;1;qatABCD;0;0;0;0
Myxococcota;1;3HP;0;0;0;0
Myxococcota;1;AVAST;0;0;0;0
Myxococcota;1;Abi;0;0;0;0
Myxococcota;1;Argonaute;0;0;0;0
Myxococcota;1;BREX;0;0;0;0
Myxococcota;1;CBASS;1;1;1;1
Myxococcota;1;CRISPR-Cas;0;0;0;0
Myxococcota;1;DISARM;1;1;1;1
Myxococcota;1;DRT;1;1;1;1
Myxococcota;1;DUF4238;0;0;0;0
Myxococcota;1;DarTG;0;0;0;0
Myxococcota;1;Dpd;0;0;0;0
Myxococcota;1;DprA-PRTase;0;0;0;0
Myxococcota;1;Druantia;0;0;0;0
Myxococcota;1;Dsr;0;0;0;0
Myxococcota;1;GAO;0;0;0;0
Myxococcota;1;Gabija;0;0;0;0
Myxococcota;1;Gasdermin;0;0;0;0
Myxococcota;1;Hachiman;0;0;0;0
Myxococcota;1;Helicase-DUF2290;0;0;0;0
Myxococcota;1;Hhe;0;0;0;0
Myxococcota;1;Hma;0;0;0;0
Myxococcota;1;Hydrolase-TM;0;0;0;0
Myxococcota;1;Kiwa;0;0;0;0
Myxococcota;1;Lamassu;1;1;1;1
Myxococcota;1;Mza;0;0;0;0
Myxococcota;1;Nhi;0;0;0;0
Myxococcota;1;PARIS;0;0;0;0
Myxococcota;1;Paris_fused;0;0;0;0
Myxococcota;1;Phosphorothioation;0;0;0;0
Myxococcota;1;Ppl;0;0;0;0
Myxococcota;1;Pycsar;0;0;0;0
Myxococcota;1;RADAR;0;0;0;0
Myxococcota;1;RM;0;0;0;0
Myxococcota;1;Retron;1;1;1;1
Myxococcota;1;Septu;0;0;0;0
Myxococcota;1;Shedu;0;0;0;0
Myxococcota;1;TIR-NLR;0;0;0;0
Myxococcota;1;TerY-P;0;0;0;0
Myxococcota;1;Thoeris;0;0;0;0
Myxococcota;1;Tmn;0;0;0;0
Myxococcota;1;Upx;0;0;0;0
Myxococcota;1;Viperin;0;0;0;0
Myxococcota;1;Wadjet;0;0;0;0
Myxococcota;1;Zorya;0;0;0;0
Myxococcota;1;dXTPase;0;0;0;0
Myxococcota;1;ietAS;0;0;0;0
Myxococcota;1;qatABCD;0;0;0;0
Nitrospinota;1;3HP;0;0;0;0
Nitrospinota;1;AVAST;0;0;0;0
Nitrospinota;1;Abi;0;0;0;0
Nitrospinota;1;Argonaute;0;0;0;0
Nitrospinota;1;BREX;0;0;0;0
Nitrospinota;1;CBASS;0;0;0;0
Nitrospinota;1;CRISPR-Cas;0;0;0;0
Nitrospinota;1;DISARM;0;0;0;0
Nitrospinota;1;DRT;0;0;0;0
Nitrospinota;1;DUF4238;0;0;0;0
Nitrospinota;1;DarTG;0;0;0;0
Nitrospinota;1;Dpd;0;0;0;0
Nitrospinota;1;DprA-PRTase;0;0;0;0
Nitrospinota;1;Druantia;0;0;0;0
Nitrospinota;1;Dsr;0;0;0;0
Nitrospinota;1;GAO;0;0;0;0
Nitrospinota;1;Gabija;0;0;0;0
Nitrospinota;1;Gasdermin;0;0;0;0
Nitrospinota;1;Hachiman;0;0;0;0
Nitrospinota;1;Helicase-DUF2290;0;0;0;0
Nitrospinota;1;Hhe;0;0;0;0
Nitrospinota;1;Hma;0;0;0;0
Nitrospinota;1;Hydrolase-TM;0;0;0;0
Nitrospinota;1;Kiwa;0;0;0;0
Nitrospinota;1;Lamassu;0;0;0;0
Nitrospinota;1;Mza;0;0;0;0
Nitrospinota;1;Nhi;0;0;0;0
Nitrospinota;1;PARIS;0;0;0;0
Nitrospinota;1;Paris_fused;0;0;0;0
Nitrospinota;1;Phosphorothioation;0;0;0;0
Nitrospinota;1;Ppl;0;0;0;0
Nitrospinota;1;Pycsar;0;0;0;0
Nitrospinota;1;RADAR;0;0;0;0
Nitrospinota;1;RM;0;0;0;0
Nitrospinota;1;Retron;0;0;0;0
Nitrospinota;1;Septu;0;0;0;0
Nitrospinota;1;Shedu;0;0;0;0
Nitrospinota;1;TIR-NLR;0;0;0;0
Nitrospinota;1;TerY-P;0;0;0;0
Nitrospinota;1;Thoeris;0;0;0;0
Nitrospinota;1;Tmn;0;0;0;0
Nitrospinota;1;Upx;0;0;0;0
Nitrospinota;1;Viperin;0;0;0;0
Nitrospinota;1;Wadjet;0;0;0;0
Nitrospinota;1;Zorya;0;0;0;0
Nitrospinota;1;dXTPase;1;1;1;1
Nitrospinota;1;ietAS;0;0;0;0
Nitrospinota;1;qatABCD;0;0;0;0
Planctomycetota;22;3HP;0;0;0;0
Planctomycetota;22;AVAST;0;0;0;0
Planctomycetota;22;Abi;1;11;11;0.5
Planctomycetota;22;Argonaute;1;4;4;0.181818182
Planctomycetota;22;BREX;1;2;2;0.090909091
Planctomycetota;22;CBASS;2;8;9;0.363636364
Planctomycetota;22;CRISPR-Cas;2;10;12;0.454545455
Planctomycetota;22;DISARM;1;1;1;0.045454545
Planctomycetota;22;DRT;2;9;11;0.409090909
Planctomycetota;22;DUF4238;0;0;0;0
Planctomycetota;22;DarTG;1;1;1;0.045454545
Planctomycetota;22;Dpd;0;0;0;0
Planctomycetota;22;DprA-PRTase;0;0;0;0
Planctomycetota;22;Druantia;1;2;2;0.090909091
Planctomycetota;22;Dsr;0;0;0;0
Planctomycetota;22;GAO;0;0;0;0
Planctomycetota;22;Gabija;1;3;3;0.136363636
Planctomycetota;22;Gasdermin;0;0;0;0
Planctomycetota;22;Hachiman;1;4;4;0.181818182
Planctomycetota;22;Helicase-DUF2290;0;0;0;0
Planctomycetota;22;Hhe;0;0;0;0
Planctomycetota;22;Hma;1;1;1;0.045454545
Planctomycetota;22;Hydrolase-TM;0;0;0;0
Planctomycetota;22;Kiwa;1;1;1;0.045454545
Planctomycetota;22;Lamassu;0;0;0;0
Planctomycetota;22;Mza;0;0;0;0
Planctomycetota;22;Nhi;0;0;0;0
Planctomycetota;22;PARIS;0;0;0;0
Planctomycetota;22;Paris_fused;0;0;0;0
Planctomycetota;22;Phosphorothioation;2;3;5;0.136363636
Planctomycetota;22;Ppl;0;0;0;0
Planctomycetota;22;Pycsar;3;1;3;0.045454545
Planctomycetota;22;RADAR;0;0;0;0
Planctomycetota;22;RM;3;17;24;0.772727273
Planctomycetota;22;Retron;2;5;6;0.227272727
Planctomycetota;22;Septu;1;2;2;0.090909091
Planctomycetota;22;Shedu;1;3;3;0.136363636
Planctomycetota;22;TIR-NLR;0;0;0;0
Planctomycetota;22;TerY-P;0;0;0;0
Planctomycetota;22;Thoeris;1;1;1;0.045454545
Planctomycetota;22;Tmn;0;0;0;0
Planctomycetota;22;Upx;0;0;0;0
Planctomycetota;22;Viperin;0;0;0;0
Planctomycetota;22;Wadjet;2;7;8;0.318181818
Planctomycetota;22;Zorya;1;1;1;0.045454545
Planctomycetota;22;dXTPase;1;3;3;0.136363636
Planctomycetota;22;ietAS;1;6;6;0.272727273
Planctomycetota;22;qatABCD;1;1;1;0.045454545
Pseudomonadota;498;3HP;1;2;2;0.004016064
Pseudomonadota;498;AVAST;1;12;12;0.024096386
Pseudomonadota;498;Abi;3;184;232;0.369477912
Pseudomonadota;498;Argonaute;2;17;18;0.034136546
Pseudomonadota;498;BREX;1;25;25;0.050200803
Pseudomonadota;498;CBASS;2;92;97;0.184738956
Pseudomonadota;498;CRISPR-Cas;3;72;80;0.144578313
Pseudomonadota;498;DISARM;1;1;1;0.002008032
Pseudomonadota;498;DRT;2;135;150;0.271084337
Pseudomonadota;498;DUF4238;1;2;2;0.004016064
Pseudomonadota;498;DarTG;1;29;29;0.058232932
Pseudomonadota;498;Dpd;1;8;8;0.016064257
Pseudomonadota;498;DprA-PRTase;1;1;1;0.002008032
Pseudomonadota;498;Druantia;1;16;16;0.032128514
Pseudomonadota;498;Dsr;1;9;9;0.018072289
Pseudomonadota;498;GAO;2;27;28;0.054216867
Pseudomonadota;498;Gabija;1;108;108;0.21686747
Pseudomonadota;498;Gasdermin;0;0;0;0
Pseudomonadota;498;Hachiman;2;23;25;0.046184739
Pseudomonadota;498;Helicase-DUF2290;1;6;6;0.012048193
Pseudomonadota;498;Hhe;1;6;6;0.012048193
Pseudomonadota;498;Hma;1;5;5;0.010040161
Pseudomonadota;498;Hydrolase-TM;1;2;2;0.004016064
Pseudomonadota;498;Kiwa;1;18;18;0.036144578
Pseudomonadota;498;Lamassu;2;11;12;0.022088353
Pseudomonadota;498;Mza;1;18;18;0.036144578
Pseudomonadota;498;Nhi;1;1;1;0.002008032
Pseudomonadota;498;PARIS;1;21;21;0.042168675
Pseudomonadota;498;Paris_fused;1;1;1;0.002008032
Pseudomonadota;498;Phosphorothioation;3;43;72;0.086345382
Pseudomonadota;498;Ppl;1;7;7;0.014056225
Pseudomonadota;498;Pycsar;2;16;22;0.032128514
Pseudomonadota;498;RADAR;1;8;8;0.016064257
Pseudomonadota;498;RM;4;405;704;0.813253012
Pseudomonadota;498;Retron;3;67;76;0.134538153
Pseudomonadota;498;Septu;2;72;74;0.144578313
Pseudomonadota;498;Shedu;1;25;25;0.050200803
Pseudomonadota;498;TIR-NLR;1;1;1;0.002008032
Pseudomonadota;498;TerY-P;1;1;1;0.002008032
Pseudomonadota;498;Thoeris;1;15;15;0.030120482
Pseudomonadota;498;Tmn;1;4;4;0.008032129
Pseudomonadota;498;Upx;1;5;5;0.010040161
Pseudomonadota;498;Viperin;1;18;18;0.036144578
Pseudomonadota;498;Wadjet;2;42;45;0.084337349
Pseudomonadota;498;Zorya;2;71;75;0.142570281
Pseudomonadota;498;dXTPase;1;319;319;0.640562249
Pseudomonadota;498;ietAS;1;49;49;0.098393574
Pseudomonadota;498;qatABCD;1;26;26;0.052208835
Verrucomicrobiota;14;3HP;0;0;0;0
Verrucomicrobiota;14;AVAST;0;0;0;0
Verrucomicrobiota;14;Abi;1;10;10;0.714285714
Verrucomicrobiota;14;Argonaute;0;0;0;0
Verrucomicrobiota;14;BREX;1;2;2;0.142857143
Verrucomicrobiota;14;CBASS;1;2;2;0.142857143
Verrucomicrobiota;14;CRISPR-Cas;1;2;2;0.142857143
Verrucomicrobiota;14;DISARM;0;0;0;0
Verrucomicrobiota;14;DRT;1;1;1;0.071428571
Verrucomicrobiota;14;DUF4238;0;0;0;0
Verrucomicrobiota;14;DarTG;0;0;0;0
Verrucomicrobiota;14;Dpd;0;0;0;0
Verrucomicrobiota;14;DprA-PRTase;0;0;0;0
Verrucomicrobiota;14;Druantia;0;0;0;0
Verrucomicrobiota;14;Dsr;0;0;0;0
Verrucomicrobiota;14;GAO;0;0;0;0
Verrucomicrobiota;14;Gabija;0;0;0;0
Verrucomicrobiota;14;Gasdermin;0;0;0;0
Verrucomicrobiota;14;Hachiman;0;0;0;0
Verrucomicrobiota;14;Helicase-DUF2290;0;0;0;0
Verrucomicrobiota;14;Hhe;0;0;0;0
Verrucomicrobiota;14;Hma;0;0;0;0
Verrucomicrobiota;14;Hydrolase-TM;0;0;0;0
Verrucomicrobiota;14;Kiwa;0;0;0;0
Verrucomicrobiota;14;Lamassu;0;0;0;0
Verrucomicrobiota;14;Mza;0;0;0;0
Verrucomicrobiota;14;Nhi;0;0;0;0
Verrucomicrobiota;14;PARIS;0;0;0;0
Verrucomicrobiota;14;Paris_fused;0;0;0;0
Verrucomicrobiota;14;Phosphorothioation;1;1;1;0.071428571
Verrucomicrobiota;14;Ppl;0;0;0;0
Verrucomicrobiota;14;Pycsar;0;0;0;0
Verrucomicrobiota;14;RADAR;0;0;0;0
Verrucomicrobiota;14;RM;3;5;11;0.357142857
Verrucomicrobiota;14;Retron;0;0;0;0
Verrucomicrobiota;14;Septu;1;3;3;0.214285714
Verrucomicrobiota;14;Shedu;0;0;0;0
Verrucomicrobiota;14;TIR-NLR;0;0;0;0
Verrucomicrobiota;14;TerY-P;0;0;0;0
Verrucomicrobiota;14;Thoeris;0;0;0;0
Verrucomicrobiota;14;Tmn;0;0;0;0
Verrucomicrobiota;14;Upx;0;0;0;0
Verrucomicrobiota;14;Viperin;0;0;0;0
Verrucomicrobiota;14;Wadjet;2;4;5;0.285714286
Verrucomicrobiota;14;Zorya;1;1;1;0.071428571
Verrucomicrobiota;14;dXTPase;1;12;12;0.857142857
Verrucomicrobiota;14;ietAS;0;0;0;0
Verrucomicrobiota;14;qatABCD;0;0;0;0
